INSERT INTO LEAGUE_TEAM (RECORD_ID, NAME, CODE, DRAW, FORM, LOSS, PLAYED, POINTS, POSITION, WIN, VERSION_NUMBER, STRGTH, UN_AVLBL, STRGTH_OVR_HOME, STRGTH_OVR_AWAY, STRGTH_DEF_HOME, STRGTH_DEF_AWAY, STRGTH_ATT_HOME, STRGTH_ATT_AWAY, PULSE_ID)
VALUES ('558b31c8-21ef-412e-a612-08d637c6a5c6', 'Chelsea', 100, 0, 0, 0, 0, 0, 0, 0, 1, 0, false, 0, 0, 0, 0, 0, 0, 0);
INSERT INTO LEAGUE_TEAM (RECORD_ID, NAME, CODE, DRAW, FORM, LOSS, PLAYED, POINTS, POSITION, WIN, VERSION_NUMBER, STRGTH, UN_AVLBL, STRGTH_OVR_HOME, STRGTH_OVR_AWAY, STRGTH_DEF_HOME, STRGTH_DEF_AWAY, STRGTH_ATT_HOME, STRGTH_ATT_AWAY, PULSE_ID)
VALUES ('bb92d104-16d0-4ec8-b111-fed16d23efc1', 'City', 200, 0, 0, 0, 0, 0, 0, 0, 1, 0, false, 0, 0, 0, 0, 0, 0, 0);
INSERT INTO LEAGUE_TEAM (RECORD_ID, NAME, CODE, DRAW, FORM, LOSS, PLAYED, POINTS, POSITION, WIN, VERSION_NUMBER, STRGTH, UN_AVLBL, STRGTH_OVR_HOME, STRGTH_OVR_AWAY, STRGTH_DEF_HOME, STRGTH_DEF_AWAY, STRGTH_ATT_HOME, STRGTH_ATT_AWAY, PULSE_ID)
VALUES ('cdcb1c7f-c686-4865-8404-f04f7fbacadd', 'Arsenal', 300, 0, 0, 0, 0, 0, 0, 0, 1, 0, false, 0, 0, 0, 0, 0, 0, 0);
INSERT INTO LEAGUE_TEAM (RECORD_ID, NAME, CODE, DRAW, FORM, LOSS, PLAYED, POINTS, POSITION, WIN, VERSION_NUMBER, STRGTH, UN_AVLBL, STRGTH_OVR_HOME, STRGTH_OVR_AWAY, STRGTH_DEF_HOME, STRGTH_DEF_AWAY, STRGTH_ATT_HOME, STRGTH_ATT_AWAY, PULSE_ID)
VALUES ('91eff1a9-7749-4820-a5ca-6656d6b27c59', 'ManchesterCity', 400, 0, 0, 0, 0, 0, 0, 0, 1, 0, false, 0, 0, 0, 0, 0, 0, 0);

INSERT INTO PLYR_FANT_STCS (RECORD_ID, VERSION_NUMBER) VALUES('75e3d0c5-3bc4-45a1-93f6-e2a35ed94290', 1);
INSERT INTO PLYR_FANT_STCS (RECORD_ID, VERSION_NUMBER) VALUES('0b82f9b5-8127-4447-b5b5-501c5b9a82a4', 1);
INSERT INTO PLYR_FANT_STCS (RECORD_ID, VERSION_NUMBER) VALUES('27827963-ef18-4627-89b0-e6805ea53b55', 1);
INSERT INTO PLYR_FANT_STCS (RECORD_ID, VERSION_NUMBER) VALUES('ffe96dab-ea86-460d-8e0f-f88fd505d5ed', 1);
INSERT INTO PLYR_FANT_STCS (RECORD_ID, VERSION_NUMBER) VALUES('4834a074-e123-4087-8783-66aa161ba90b', 1);
INSERT INTO PLYR_FANT_STCS (RECORD_ID, VERSION_NUMBER) VALUES('f9ab5c91-9aed-46cf-95dd-cb30ddc228db', 1);
INSERT INTO PLYR_FANT_STCS (RECORD_ID, VERSION_NUMBER) VALUES('9a564e73-d74c-4e85-a81c-1eda7f769880', 1);
INSERT INTO PLYR_FANT_STCS (RECORD_ID, VERSION_NUMBER) VALUES('349e3947-101e-4927-a9b7-9f3640aef2bd', 1);

INSERT INTO PLYR_GAME_STCS (RECORD_ID, VERSION_NUMBER) VALUES('e923a398-451e-434d-9fab-4b8ce0cefeff', 1);
INSERT INTO PLYR_GAME_STCS (RECORD_ID, VERSION_NUMBER) VALUES('6d84bf9b-32a7-4f06-9972-de2f2af336c3', 1);
INSERT INTO PLYR_GAME_STCS (RECORD_ID, VERSION_NUMBER) VALUES('34b242ca-b998-4537-b951-4c2b0529c34c', 1);
INSERT INTO PLYR_GAME_STCS (RECORD_ID, VERSION_NUMBER) VALUES('98397c06-49a3-4f44-8d1a-bd245c0a7916', 1);
INSERT INTO PLYR_GAME_STCS (RECORD_ID, VERSION_NUMBER) VALUES('671445a7-bd93-4bbc-9c16-b45051652c27', 1);
INSERT INTO PLYR_GAME_STCS (RECORD_ID, VERSION_NUMBER) VALUES('5ca2c544-b0c2-44b2-a7c9-994bcd049600', 1);
INSERT INTO PLYR_GAME_STCS (RECORD_ID, VERSION_NUMBER) VALUES('a7886e4b-ae10-40cc-8202-6f40c95c18cc', 1);
INSERT INTO PLYR_GAME_STCS (RECORD_ID, VERSION_NUMBER) VALUES('e19cc6f4-1c8e-4269-ba03-15ff53292709', 1);

INSERT INTO PLYR_MISC_INFO (RECORD_ID, VERSION_NUMBER) VALUES('11edec67-72c5-4a5a-bb96-08c9f8df6847', 1);
INSERT INTO PLYR_MISC_INFO (RECORD_ID, VERSION_NUMBER) VALUES('a1c626c9-e32e-4941-801f-a6df0ceba320', 1);
INSERT INTO PLYR_MISC_INFO (RECORD_ID, VERSION_NUMBER) VALUES('28775c5f-5291-4878-9f1b-369030ef2ddf', 1);
INSERT INTO PLYR_MISC_INFO (RECORD_ID, VERSION_NUMBER) VALUES('ddcea133-633e-4ea4-af2e-9d665beb6ad6', 1);
INSERT INTO PLYR_MISC_INFO (RECORD_ID, VERSION_NUMBER) VALUES('dd10bfec-03b8-4be3-964d-95ae8b5f35bd', 1);
INSERT INTO PLYR_MISC_INFO (RECORD_ID, VERSION_NUMBER) VALUES('9aa8dce2-599f-4aec-854a-f07250c672da', 1);
INSERT INTO PLYR_MISC_INFO (RECORD_ID, VERSION_NUMBER) VALUES('0d528c87-4a11-4417-89f2-524bf3ca677e', 1);
INSERT INTO PLYR_MISC_INFO (RECORD_ID, VERSION_NUMBER) VALUES('fc31de1e-eb5a-4632-9bc8-00fc57f1834f', 1);

INSERT INTO PLYR_BSC_INFO (PLYR_STS, SQD_NO, CODE, VERSION_NUMBER, WEB_NAME, PLYR_FANT_STCS_PK, PLYR_GAME_STCS_PK, PLYR_MISC_INFO_PK, TEAM_UUID, RECORD_ID, FRST_NAME, SECD_NAME)
VALUES ('W', 8, 100, 1, 'Trossard', '75e3d0c5-3bc4-45a1-93f6-e2a35ed94290', 'e923a398-451e-434d-9fab-4b8ce0cefeff', '11edec67-72c5-4a5a-bb96-08c9f8df6847', 'cdcb1c7f-c686-4865-8404-f04f7fbacadd', '5f48ad2f-8243-4245-8bcc-508ea1acc4a7', 'Leandro', 'Trossard');
INSERT INTO PLYR_BSC_INFO (PLYR_STS, SQD_NO, CODE, VERSION_NUMBER, WEB_NAME, PLYR_FANT_STCS_PK, PLYR_GAME_STCS_PK, PLYR_MISC_INFO_PK, TEAM_UUID, RECORD_ID, FRST_NAME, SECD_NAME)
VALUES ('W', 11, 200, 1, 'Haaland', '0b82f9b5-8127-4447-b5b5-501c5b9a82a4', '6d84bf9b-32a7-4f06-9972-de2f2af336c3', 'a1c626c9-e32e-4941-801f-a6df0ceba320', '91eff1a9-7749-4820-a5ca-6656d6b27c59', 'd852fe98-b685-4fd5-8b5e-1a9a0c852563', 'Erling', 'Haaland');
INSERT INTO PLYR_BSC_INFO (PLYR_STS, SQD_NO, CODE, VERSION_NUMBER, WEB_NAME, PLYR_FANT_STCS_PK, PLYR_GAME_STCS_PK, PLYR_MISC_INFO_PK, TEAM_UUID, RECORD_ID, FRST_NAME, SECD_NAME)
VALUES ('W', 11, 300, 1, 'Havertz', 'f9ab5c91-9aed-46cf-95dd-cb30ddc228db', '5ca2c544-b0c2-44b2-a7c9-994bcd049600', '9aa8dce2-599f-4aec-854a-f07250c672da', 'cdcb1c7f-c686-4865-8404-f04f7fbacadd', '78af0ff6-2b4f-4abe-835e-7e6fc6c6f0df', 'Kai', 'Havertz');
INSERT INTO PLYR_BSC_INFO (PLYR_STS, SQD_NO, CODE, VERSION_NUMBER, WEB_NAME, PLYR_FANT_STCS_PK, PLYR_GAME_STCS_PK, PLYR_MISC_INFO_PK, TEAM_UUID, RECORD_ID, FRST_NAME, SECD_NAME)
VALUES ('W', 11, 400, 1, 'Saka', '9a564e73-d74c-4e85-a81c-1eda7f769880', 'a7886e4b-ae10-40cc-8202-6f40c95c18cc', '0d528c87-4a11-4417-89f2-524bf3ca677e', 'cdcb1c7f-c686-4865-8404-f04f7fbacadd', 'fd044956-24e4-4e60-ae2e-e039556da418', 'Bukayo', 'Saka');
INSERT INTO PLYR_BSC_INFO (PLYR_STS, SQD_NO, CODE, VERSION_NUMBER, WEB_NAME, PLYR_FANT_STCS_PK, PLYR_GAME_STCS_PK, PLYR_MISC_INFO_PK, TEAM_UUID, RECORD_ID, FRST_NAME, SECD_NAME)
VALUES ('W', 11, 500, 1, 'Martinelli', '349e3947-101e-4927-a9b7-9f3640aef2bd', 'e19cc6f4-1c8e-4269-ba03-15ff53292709', 'fc31de1e-eb5a-4632-9bc8-00fc57f1834f', 'cdcb1c7f-c686-4865-8404-f04f7fbacadd', 'b6848692-b59d-402b-9216-e4bd8bacdb07', 'Gabriel', 'Martinelli');

INSERT INTO PLYR_GAME_WK_STCS (RECORD_ID, PLYR_ID, VERSION_NUMBER) VALUES ('e5d92908-dac6-476c-bd04-1a44f4be1874', '78af0ff6-2b4f-4abe-835e-7e6fc6c6f0df', 1);
INSERT INTO PLYR_GAME_WK_STCS (RECORD_ID, PLYR_ID, VERSION_NUMBER) VALUES ('d76135cf-cfc8-4748-9ea5-88ac4d8bc1c9', '78af0ff6-2b4f-4abe-835e-7e6fc6c6f0df', 1);
INSERT INTO PLYR_GAME_WK_STCS (RECORD_ID, PLYR_ID, VERSION_NUMBER, GAME_WK, MINS, GOALS_SCRD, ASSTS, CLEAN_SHTS, GOALS_CNCDED, OWN_GOALS, PEN_SAVED, PEN_MISSED, YELL_CARDS, RED_CARDS, SAVES, BONUS, BPS, INFLUENCE, CREATIVITY, THREAT, ICT_INDX, STARTS, EXP_GOALS, EXP_ASSTS, EXP_GOAL_INVLMTS, EXP_GOALS_CNCDED, TOTAL_POINTS, IN_DREAM_TM) VALUES ('dc3fd787-a092-49a2-a261-c10f88703d93', 'b6848692-b59d-402b-9216-e4bd8bacdb07', 1, 1, 45, 0, 0, 1, 0, 0, 0, 0, 0, 0, 0, 0, 0, 0, 0, 0, 1, 1, 1, 1, 1, 1, 90, false);
INSERT INTO PLYR_GAME_WK_STCS (RECORD_ID, PLYR_ID, VERSION_NUMBER, GAME_WK, MINS, GOALS_SCRD, ASSTS, CLEAN_SHTS, GOALS_CNCDED, OWN_GOALS, PEN_SAVED, PEN_MISSED, YELL_CARDS, RED_CARDS, SAVES, BONUS, BPS, INFLUENCE, CREATIVITY, THREAT, ICT_INDX, STARTS, EXP_GOALS, EXP_ASSTS, EXP_GOAL_INVLMTS, EXP_GOALS_CNCDED, TOTAL_POINTS, IN_DREAM_TM) VALUES ('7fe1f65b-c80b-4fd6-94cd-bc1cd481b235', 'b6848692-b59d-402b-9216-e4bd8bacdb07', 1, 1, 45, 0, 0, 1, 0, 0, 0, 0, 0, 0, 0, 0, 0, 0, 0, 0, 1, 1, 1, 1, 1, 1, 90, false);

INSERT INTO PLYR_GAME_WK_BK (RECORD_ID, GAME_WK_PK, IDENTIFIER, POINTS, ID_VALUE, VERSION_NUMBER) VALUES ('66671fdc-0d5a-486e-b229-db22a4e107c7', 'd76135cf-cfc8-4748-9ea5-88ac4d8bc1c9', 'Goals', 1, 5, 1);
INSERT INTO PLYR_GAME_WK_BK (RECORD_ID, GAME_WK_PK, IDENTIFIER, POINTS, ID_VALUE, VERSION_NUMBER) VALUES ('2596466e-886d-4eb7-9610-02d981ef6c91', 'd76135cf-cfc8-4748-9ea5-88ac4d8bc1c9', 'Goals', 1, 5, 1);